{
    "nombre":"Molicentro",
    "latitud":-12.077323,
    "longitud":-77.09310800000003
}